event_id,date,date_precision,beach_id,lat,lon,species_group,species,count_class,stings,source_type,source_url,confidence,notes
2012-01-02-flic_en_flac-1,2012-01-02,day,flic_en_flac,,,unknown,,unknown,1,coastguard,https://lexpress.mu/s/article/alerte-aux-m%C3%A9duses-%C3%A0-flic-en-flac,high,NCG alert early Mon 2 Jan 2012 after one (minor) sting case; large coastguard deployment on the beach. Also linfo.re alerte-aux-meduses-sur-la-cote-ouest-de-l-ile-maurice.
2012-09-30-mont_choisy-1,2012-09-30,month,mont_choisy,,,unknown,,unknown,,coastguard,https://www.linfo.re/ocean-indien/ile-maurice-rodrigues/alerte-aux-meduses-a-maurice,low,"'End of September' alert in Mont Choisy lagoon, cited retrospectively in an Aug 2013 article; exact day unknown."
2012-12-26-belle_mare-1,2012-12-26,day,belle_mare,,,unknown,,unknown,,coastguard,https://www.linfo.re/ocean-indien/ile-maurice-rodrigues/alerte-aux-meduses-a-maurice,low,"Alert on 26 Dec in Belle Mare lagoon, cited retrospectively in an Aug 2013 article; year 2012 inferred from context."
2013-08-01-flic_en_flac-1,2013-08-01,day,flic_en_flac,,,unknown,,unknown,,coastguard,https://lexpress.mu/article/quatre-plages-publiques-en-alerte-face-la-presence-de-meduses,high,"NCG intensified patrols from the morning of Thu 1 Aug 2013; four public beaches on alert; simultaneous MMS strong-swell warning with waves over 4 m. Also Tripadvisor thread k6724417 (posted 1 Aug 2013), linfo.re alerte-aux-meduses-a-maurice, business.mega.mu 2013/08/02."
2013-08-01-grand_baie-1,2013-08-01,day,grand_baie,,,unknown,,unknown,,coastguard,https://lexpress.mu/article/quatre-plages-publiques-en-alerte-face-la-presence-de-meduses,high,"NCG intensified patrols from the morning of Thu 1 Aug 2013; four public beaches on alert; simultaneous MMS strong-swell warning with waves over 4 m. Also Tripadvisor thread k6724417 (posted 1 Aug 2013), linfo.re alerte-aux-meduses-a-maurice, business.mega.mu 2013/08/02."
2013-08-01-pereybere-1,2013-08-01,day,pereybere,,,unknown,,unknown,,coastguard,https://lexpress.mu/article/quatre-plages-publiques-en-alerte-face-la-presence-de-meduses,high,"NCG intensified patrols from the morning of Thu 1 Aug 2013; four public beaches on alert; simultaneous MMS strong-swell warning with waves over 4 m. Also Tripadvisor thread k6724417 (posted 1 Aug 2013), linfo.re alerte-aux-meduses-a-maurice, business.mega.mu 2013/08/02."
2013-08-01-la_cuvette-1,2013-08-01,day,la_cuvette,,,unknown,,unknown,,coastguard,https://lexpress.mu/article/quatre-plages-publiques-en-alerte-face-la-presence-de-meduses,high,"NCG intensified patrols from the morning of Thu 1 Aug 2013; four public beaches on alert; simultaneous MMS strong-swell warning with waves over 4 m. Also Tripadvisor thread k6724417 (posted 1 Aug 2013), linfo.re alerte-aux-meduses-a-maurice, business.mega.mu 2013/08/02."
2015-04-05-mont_choisy-1,2015-04-05,day,mont_choisy,,,unknown,,unknown,,coastguard,https://lexpress.mu/article/260750/alerte-aux-meduses-dans-lagon-mont-choisy,high,"NCG on alert Sun 5 Apr 2015, swimming advised against; bad weather with no improvement forecast by Vacoas. Also allafrica.com/stories/201504050117.html and zinfos-moris a23909."
2016-01-04-baie_du_tombeau-1,2016-01-04,day,baie_du_tombeau,,,unknown,,mass,32,hospital,https://lexpress.mu/article/273811/alerte-aux-meduses-dans-nord-32-personnes-lhopital,high,"Night of Mon 4 Jan 2016: 32 people treated at SSRN hospital after stings; police on beaches, swimming banned until further notice. Beaches named in companion article lexpress 273870: Baie-du-Tombeau, Le Goulet, Bain-Boeuf. Also linfo.re 684581 (about 30 victims) and Tripadvisor thread k9139892."
2016-01-04-le_goulet-1,2016-01-04,day,le_goulet,,,unknown,,mass,,hospital,https://lexpress.mu/article/273870/baie-tombeau-goulet-bain-boeuf-alerte-aux-meduses,high,Same episode as 2016-01-04-baie_du_tombeau-1 (32 hospitalised in the north).
2016-01-04-bain_boeuf-1,2016-01-04,day,bain_boeuf,,,unknown,,mass,,hospital,https://lexpress.mu/article/273870/baie-tombeau-goulet-bain-boeuf-alerte-aux-meduses,high,Same episode as 2016-01-04-baie_du_tombeau-1 (32 hospitalised in the north).
2016-01-05-trou_aux_biches-1,2016-01-05,week,trou_aux_biches,,,unknown,,unknown,,press,https://defimedia.info/presence-de-meduses-dans-le-nord-baignade-interdite-jusqua-nouvel-ordre,low,"Swimming banned at Trou-aux-Biches and Mon Choisy 'until further notice'; article undated in snippet, placed in the Jan 2016 north episode by content; verify on page."
2016-01-05-mont_choisy-1,2016-01-05,week,mont_choisy,,,unknown,,unknown,,press,https://defimedia.info/presence-de-meduses-dans-le-nord-baignade-interdite-jusqua-nouvel-ordre,low,"Swimming banned at Trou-aux-Biches and Mon Choisy 'until further notice'; article undated in snippet, placed in the Jan 2016 north episode by content; verify on page."
2016-02-09-belle_mare-1,2016-02-09,day,belle_mare,,,unknown,,unknown,,coastguard,https://www.lexpress.mu/article/275541/mauvais-temps-meduses-inondations-et-derapages,high,"Police reported jellyfish in Belle Mare lagoon on 9 Feb 2016 during bad weather (heavy rain, flooding in the north)."
2016-06-03-flic_en_flac-1,2016-06-03,day,flic_en_flac,,,unknown,,unknown,,coastguard,,low,Jellyfish spotted in Flic-en-Flac lagoon Fri 3 Jun 2016 per search snippet; source URL not captured (defimedia or lexpress); verify.
2016-08-23-trou_deau_douce-1,2016-08-23,day,trou_deau_douce,,,unknown,,unknown,,coastguard,https://lexpress.mu/article/288087/trou-deau-douce-alerte-aux-meduses,high,NCG alert Tue 23 Aug 2016 for the lagoon of Le Maho public beach; swimming advised against.
2018-01-12-tamarin-1,2018-01-12,day,tamarin,,,unknown,,unknown,,coastguard,https://www.lemauricien.com/article/tamarin-des-meduses-dans-le-lagon/,medium,NCG reported jellyfish in Tamarin lagoon; article dated 12 Jan 2018; sighting assumed same day.
2018-02-13-mont_choisy-1,2018-02-13,day,mont_choisy,,,unknown,,unknown,,coastguard,https://lexpress.mu/article/326442/mont-choisy-gare-aux-meduses,high,SMF and NCG patrol detected jellyfish Tue 13 Feb 2018.
2018-02-15-le_morne-1,2018-02-15,day,le_morne,,,unknown,,unknown,,coastguard,https://www.lexpress.mu/article/326535/morne-meduses-dans-lagon,high,"Jellyfish north and south of Le Morne Thu 15 Feb 2018; NCG recommended extreme caution. Defimedia 'Alerte aux méduses au Morne et à Mont-Choisy, des baigneurs piqués' (undated) reports swimmers stung at Le Morne taken to hospital, probably this episode."
2018-10-17-trou_deau_douce-1,2018-10-17,day,trou_deau_douce,,,unknown,,unknown,,coastguard,https://www.lemauricien.com/actualites/presence-de-meduses-dans-le-lagon-de-trou-deau-douce/238068/,medium,"NCG detected jellyfish at Trou d'Eau Douce, Ile aux Cerfs and near Anahita Wed 17 Oct; year 2018 inferred from weekday and article id sequence."
2018-10-17-ile_aux_cerfs-1,2018-10-17,day,ile_aux_cerfs,,,unknown,,unknown,,coastguard,https://www.lemauricien.com/actualites/presence-de-meduses-dans-le-lagon-de-trou-deau-douce/238068/,medium,"NCG detected jellyfish at Trou d'Eau Douce, Ile aux Cerfs and near Anahita Wed 17 Oct; year 2018 inferred from weekday and article id sequence."
2019-01-01-roches_noires-1,2019-01-01,day,roches_noires,,,cubozoa,"Cubozoa (box jellyfish, unidentified)",many,,coastguard,https://www.lemauricien.com/featured/au-nord-presence-de-meduses-boites-considerees-comme-extremement-dangereuses/253466/,high,"South African tourist raised the alarm about 08:30 Tue 1 Jan 2019; NCG confirmed box jellyfish at Roches Noires and Poste Lafayette. Zinfos-moris a3562: several people stung at Roches Noires, none hospitalised. Press attributes the influx to high heat and heavy rain."
2019-01-01-poste_lafayette-1,2019-01-01,day,poste_lafayette,,,cubozoa,"Cubozoa (box jellyfish, unidentified)",many,,coastguard,https://lexpress.mu/article/345307/poste-lafayette-alerte-aux-meduses,high,Same episode as 2019-01-01-roches_noires-1.
2019-01-03-trou_aux_biches-1,2019-01-03,week,trou_aux_biches,,,cubozoa,"Cubozoa (box jellyfish, unidentified)",many,,coastguard,https://defimedia.info/meduses-boites-dans-le-nord-attention-ces-venimeuses-guepes-de-mer,medium,"After the 1 Jan 2019 report the NCG confirmed box jellyfish at Trou-aux-Biches, Grand-Baie, Bain Boeuf, Mont-Choisy, Pereybere, Grand-Gaube, Roches-Noires; defimedia 'Après le littoral Nord' lists spread to La Cuvette, Flic-en-Flac, Le Morne, Poste-Lafayette, Belle-Mare. Day not given; first week of Jan 2019."
2019-01-03-grand_baie-1,2019-01-03,week,grand_baie,,,cubozoa,"Cubozoa (box jellyfish, unidentified)",many,,coastguard,https://defimedia.info/meduses-boites-dans-le-nord-attention-ces-venimeuses-guepes-de-mer,medium,"After the 1 Jan 2019 report the NCG confirmed box jellyfish at Trou-aux-Biches, Grand-Baie, Bain Boeuf, Mont-Choisy, Pereybere, Grand-Gaube, Roches-Noires; defimedia 'Après le littoral Nord' lists spread to La Cuvette, Flic-en-Flac, Le Morne, Poste-Lafayette, Belle-Mare. Day not given; first week of Jan 2019."
2019-01-03-bain_boeuf-1,2019-01-03,week,bain_boeuf,,,cubozoa,"Cubozoa (box jellyfish, unidentified)",many,,coastguard,https://defimedia.info/meduses-boites-dans-le-nord-attention-ces-venimeuses-guepes-de-mer,medium,"After the 1 Jan 2019 report the NCG confirmed box jellyfish at Trou-aux-Biches, Grand-Baie, Bain Boeuf, Mont-Choisy, Pereybere, Grand-Gaube, Roches-Noires; defimedia 'Après le littoral Nord' lists spread to La Cuvette, Flic-en-Flac, Le Morne, Poste-Lafayette, Belle-Mare. Day not given; first week of Jan 2019."
2019-01-03-mont_choisy-1,2019-01-03,week,mont_choisy,,,cubozoa,"Cubozoa (box jellyfish, unidentified)",many,,coastguard,https://defimedia.info/meduses-boites-dans-le-nord-attention-ces-venimeuses-guepes-de-mer,medium,"After the 1 Jan 2019 report the NCG confirmed box jellyfish at Trou-aux-Biches, Grand-Baie, Bain Boeuf, Mont-Choisy, Pereybere, Grand-Gaube, Roches-Noires; defimedia 'Après le littoral Nord' lists spread to La Cuvette, Flic-en-Flac, Le Morne, Poste-Lafayette, Belle-Mare. Day not given; first week of Jan 2019."
2019-01-03-pereybere-1,2019-01-03,week,pereybere,,,cubozoa,"Cubozoa (box jellyfish, unidentified)",many,,coastguard,https://defimedia.info/meduses-boites-dans-le-nord-attention-ces-venimeuses-guepes-de-mer,medium,"After the 1 Jan 2019 report the NCG confirmed box jellyfish at Trou-aux-Biches, Grand-Baie, Bain Boeuf, Mont-Choisy, Pereybere, Grand-Gaube, Roches-Noires; defimedia 'Après le littoral Nord' lists spread to La Cuvette, Flic-en-Flac, Le Morne, Poste-Lafayette, Belle-Mare. Day not given; first week of Jan 2019."
2019-01-03-grand_gaube-1,2019-01-03,week,grand_gaube,,,cubozoa,"Cubozoa (box jellyfish, unidentified)",many,,coastguard,https://defimedia.info/meduses-boites-dans-le-nord-attention-ces-venimeuses-guepes-de-mer,medium,"After the 1 Jan 2019 report the NCG confirmed box jellyfish at Trou-aux-Biches, Grand-Baie, Bain Boeuf, Mont-Choisy, Pereybere, Grand-Gaube, Roches-Noires; defimedia 'Après le littoral Nord' lists spread to La Cuvette, Flic-en-Flac, Le Morne, Poste-Lafayette, Belle-Mare. Day not given; first week of Jan 2019."
2019-01-03-la_cuvette-1,2019-01-03,week,la_cuvette,,,cubozoa,"Cubozoa (box jellyfish, unidentified)",many,,coastguard,https://defimedia.info/meduses-boites-dans-le-nord-attention-ces-venimeuses-guepes-de-mer,medium,"After the 1 Jan 2019 report the NCG confirmed box jellyfish at Trou-aux-Biches, Grand-Baie, Bain Boeuf, Mont-Choisy, Pereybere, Grand-Gaube, Roches-Noires; defimedia 'Après le littoral Nord' lists spread to La Cuvette, Flic-en-Flac, Le Morne, Poste-Lafayette, Belle-Mare. Day not given; first week of Jan 2019."
2019-01-03-flic_en_flac-1,2019-01-03,week,flic_en_flac,,,cubozoa,"Cubozoa (box jellyfish, unidentified)",many,,coastguard,https://defimedia.info/meduses-boites-dans-le-nord-attention-ces-venimeuses-guepes-de-mer,medium,"After the 1 Jan 2019 report the NCG confirmed box jellyfish at Trou-aux-Biches, Grand-Baie, Bain Boeuf, Mont-Choisy, Pereybere, Grand-Gaube, Roches-Noires; defimedia 'Après le littoral Nord' lists spread to La Cuvette, Flic-en-Flac, Le Morne, Poste-Lafayette, Belle-Mare. Day not given; first week of Jan 2019."
2019-01-03-le_morne-1,2019-01-03,week,le_morne,,,cubozoa,"Cubozoa (box jellyfish, unidentified)",many,,coastguard,https://defimedia.info/meduses-boites-dans-le-nord-attention-ces-venimeuses-guepes-de-mer,medium,"After the 1 Jan 2019 report the NCG confirmed box jellyfish at Trou-aux-Biches, Grand-Baie, Bain Boeuf, Mont-Choisy, Pereybere, Grand-Gaube, Roches-Noires; defimedia 'Après le littoral Nord' lists spread to La Cuvette, Flic-en-Flac, Le Morne, Poste-Lafayette, Belle-Mare. Day not given; first week of Jan 2019."
2019-01-03-belle_mare-1,2019-01-03,week,belle_mare,,,cubozoa,"Cubozoa (box jellyfish, unidentified)",many,,coastguard,https://defimedia.info/meduses-boites-dans-le-nord-attention-ces-venimeuses-guepes-de-mer,medium,"After the 1 Jan 2019 report the NCG confirmed box jellyfish at Trou-aux-Biches, Grand-Baie, Bain Boeuf, Mont-Choisy, Pereybere, Grand-Gaube, Roches-Noires; defimedia 'Après le littoral Nord' lists spread to La Cuvette, Flic-en-Flac, Le Morne, Poste-Lafayette, Belle-Mare. Day not given; first week of Jan 2019."
2019-02-24-belle_mare-1,2019-02-24,day,belle_mare,,,unknown,,unknown,,coastguard,https://defimedia.info/alerte-aux-meduses-dans-lest-de-lile-maurice,high,Afternoon of Sun 24 Feb 2019 near Ile aux Cerfs and Belle Mare beach; coastguard reminder.
2019-02-24-ile_aux_cerfs-1,2019-02-24,day,ile_aux_cerfs,,,unknown,,unknown,,coastguard,https://defimedia.info/alerte-aux-meduses-dans-lest-de-lile-maurice,high,Afternoon of Sun 24 Feb 2019 near Ile aux Cerfs and Belle Mare beach; coastguard reminder.
2019-03-01-mont_choisy-1,2019-03-01,day,mont_choisy,,,unknown,,unknown,,coastguard,https://lexpress.mu/article/348553/mon-choisy-et-trou-aux-biches-attention-aux-meduses,medium,NCG: jellyfish appeared in Mon Choisy and Trou-aux-Biches lagoons Fri 1 Mar; year 2019 inferred from weekday and article id sequence.
2019-03-01-trou_aux_biches-1,2019-03-01,day,trou_aux_biches,,,unknown,,unknown,,coastguard,https://lexpress.mu/article/348553/mon-choisy-et-trou-aux-biches-attention-aux-meduses,medium,NCG: jellyfish appeared in Mon Choisy and Trou-aux-Biches lagoons Fri 1 Mar; year 2019 inferred from weekday and article id sequence.
2019-09-11-belle_mare-1,2019-09-11,day,belle_mare,,,unknown,,unknown,,coastguard,https://www.lemauricien.com/actualites/societe/belle-mare-presence-de-meduses-dans-le-lagon/300356/,medium,NCG detected jellyfish Wed 11 Sep; year 2019 inferred from weekday and article id sequence.
2019-09-22-belle_mare-1,2019-09-22,day,belle_mare,,,unknown,,unknown,,hospital,https://www.tripadvisor.com/ShowTopic-g293816-i9265-k12202224-o20-Alert_Box_Jelly_fish-Mauritius.html,medium,"Sun 22 Sep 2019 Belle Mare lagoon; sting cases treated at Flacq hospital, per press item quoted in the Tripadvisor thread."
2019-10-24-riviere_noire-1,2019-10-24,day,riviere_noire,,,unknown,,unknown,,coastguard,https://www.lemauricien.com/actualites/riviere-noire-presence-de-meduses-relevee-dans-le-lagon/307745/,high,Jellyfish detected Thu 24 Oct 2019 in the Riviere Noire lagoon.
2019-11-22-pereybere-1,2019-11-22,day,pereybere,,,unknown,"small dark-blue surface drifter, unidentified",many,,coastguard,https://www.lemauricien.com/actualites/presence-de-meduses-a-pereybere-mont-choisy-et-grand-gaube/312530/,high,"NCG detected jellyfish Fri 22 Nov 2019 at Pereybere, Mont Choisy and Grand Gaube. lexpress 365819 (23 Nov 2019): unidentified coin-sized dark-blue jellyfish also at Mont-Choisy and Grand-Baie, at least six victims with severe burns treated in clinics; NCG officer and a Grand-Baie skipper attribute the arrival to wind from the north ('from the equator'). Follow-up lexpress 365880 (24 Nov 2019) describes chondrophores (Porpita, Velella) on beaches. Candidate species: Physalia utriculus or chondrophores; treat as a wind-driven surface drifter event."
2019-11-22-mont_choisy-1,2019-11-22,day,mont_choisy,,,unknown,"small dark-blue surface drifter, unidentified",many,,coastguard,https://www.lemauricien.com/actualites/presence-de-meduses-a-pereybere-mont-choisy-et-grand-gaube/312530/,high,"NCG detected jellyfish Fri 22 Nov 2019 at Pereybere, Mont Choisy and Grand Gaube. lexpress 365819 (23 Nov 2019): unidentified coin-sized dark-blue jellyfish also at Mont-Choisy and Grand-Baie, at least six victims with severe burns treated in clinics; NCG officer and a Grand-Baie skipper attribute the arrival to wind from the north ('from the equator'). Follow-up lexpress 365880 (24 Nov 2019) describes chondrophores (Porpita, Velella) on beaches. Candidate species: Physalia utriculus or chondrophores; treat as a wind-driven surface drifter event."
2019-11-22-grand_gaube-1,2019-11-22,day,grand_gaube,,,unknown,"small dark-blue surface drifter, unidentified",many,,coastguard,https://www.lemauricien.com/actualites/presence-de-meduses-a-pereybere-mont-choisy-et-grand-gaube/312530/,high,"NCG detected jellyfish Fri 22 Nov 2019 at Pereybere, Mont Choisy and Grand Gaube. lexpress 365819 (23 Nov 2019): unidentified coin-sized dark-blue jellyfish also at Mont-Choisy and Grand-Baie, at least six victims with severe burns treated in clinics; NCG officer and a Grand-Baie skipper attribute the arrival to wind from the north ('from the equator'). Follow-up lexpress 365880 (24 Nov 2019) describes chondrophores (Porpita, Velella) on beaches. Candidate species: Physalia utriculus or chondrophores; treat as a wind-driven surface drifter event."
2019-11-22-grand_baie-1,2019-11-22,day,grand_baie,,,unknown,"small dark-blue surface drifter, unidentified",many,,coastguard,https://lexpress.mu/article/365819/lagon-mysterieuses-meduses-font-victimes-dans-nord,high,"NCG detected jellyfish Fri 22 Nov 2019 at Pereybere, Mont Choisy and Grand Gaube. lexpress 365819 (23 Nov 2019): unidentified coin-sized dark-blue jellyfish also at Mont-Choisy and Grand-Baie, at least six victims with severe burns treated in clinics; NCG officer and a Grand-Baie skipper attribute the arrival to wind from the north ('from the equator'). Follow-up lexpress 365880 (24 Nov 2019) describes chondrophores (Porpita, Velella) on beaches. Candidate species: Physalia utriculus or chondrophores; treat as a wind-driven surface drifter event."
2019-11-23-mont_choisy-2,2019-11-23,day,mont_choisy,,,unknown,,many,12,hospital,https://www.lemauricien.com/featured/ce-matin-douze-cas-de-piqures-de-meduse-rapportes/312625/,medium,Twelve sting cases reported on the morning of Sat 23 Nov 2019 in the north; attribution to Mont Choisy follows the companion article; year inferred from article id sequence.
2020-01-20-ile_aux_benitiers-1,2020-01-20,day,ile_aux_benitiers,,,unknown,,unknown,,coastguard,https://defimedia.info/ile-aux-benitiers-alerte-aux-meduses,high,NCG officers reported jellyfish in the lagoon Mon 20 Jan 2020. Also zinfos-moris a12107.
2020-02-19-pereybere-1,2020-02-19,day,pereybere,,,unknown,,unknown,,coastguard,,low,NCG noted jellyfish at Pereybere and Blue-Bay Wed 19 Feb; year 2020 inferred from weekday and search context; source URL not captured. An NCG officer also reported unidentified jellyfish at Mont-Choisy and Grand-Baie.
2020-02-19-blue_bay-1,2020-02-19,day,blue_bay,,,unknown,,unknown,,coastguard,,low,NCG noted jellyfish at Pereybere and Blue-Bay Wed 19 Feb; year 2020 inferred from weekday and search context; source URL not captured. An NCG officer also reported unidentified jellyfish at Mont-Choisy and Grand-Baie.
2020-07-02-blue_bay-1,2020-07-02,day,blue_bay,,,unknown,,unknown,,coastguard,https://defimedia.info/blue-bay-alerte-aux-meduses,medium,Police reported jellyfish in Blue Bay lagoon Thu 2 Jul; NCG patrols; year 2020 inferred from weekday and search context.
2020-07-07-belle_mare-1,2020-07-07,day,belle_mare,,,unknown,,unknown,,coastguard,,low,Jellyfish reported in Belle-Mare lagoon Tue 7 Jul; year 2020 inferred from weekday and search context; source URL not captured.
2021-09-08-belle_mare-1,2021-09-08,day,belle_mare,,,unknown,,unknown,,social,https://lexpress.mu/s/article/399002/info-pratique-alerte-aux-meduses,medium,"Reader photo of jellyfish near Belle-Mare Wed 8 Sep 2021, published by lexpress; not an NCG alert."
2021-10-31-mont_choisy-1,2021-10-31,day,mont_choisy,,,unknown,,unknown,,coastguard,https://defimedia.info/mont-choisy-la-presence-de-meduses-dans-le-lagon-signalee,medium,"NCG signalled jellyfish Sun 31 Oct, swimming not recommended; year 2021 inferred from weekday."
2022-01-28-trou_aux_biches-1,2022-01-28,day,trou_aux_biches,,,unknown,,unknown,,coastguard,https://defimedia.info/alerte-aux-meduses-sur-la-plage-de-trou-aux-biches-et-mont-choisy,medium,"Police statement Fri 28 Jan on jellyfish in northern lagoons, swimming discouraged; year 2022 inferred from weekday and the Flic-en-Flac alert the next day."
2022-01-28-mont_choisy-1,2022-01-28,day,mont_choisy,,,unknown,,unknown,,coastguard,https://defimedia.info/alerte-aux-meduses-sur-la-plage-de-trou-aux-biches-et-mont-choisy,medium,"Police statement Fri 28 Jan on jellyfish in northern lagoons, swimming discouraged; year 2022 inferred from weekday and the Flic-en-Flac alert the next day."
2022-01-29-flic_en_flac-1,2022-01-29,day,flic_en_flac,,,unknown,,unknown,,coastguard,https://www.lemauricien.com/actualites/societe/presence-de-meduses-signalee-a-flic-en-flac/471339/,high,NCG detected jellyfish Sat 29 Jan 2022 between Shivala and Pearl Beach. Also mbcradio.tv and actu.mu.
2022-08-14-belle_mare-1,2022-08-14,day,belle_mare,,,unknown,,unknown,,coastguard,https://www.topfm.mu/2022/08/14/a-belle-mare-attention-aux-meduses/,high,Jellyfish spotted in Belle-Mare lagoon Sun 14 Aug 2022.
2022-08-23-belle_mare-1,2022-08-23,day,belle_mare,,,unknown,,many,,coastguard,https://www.lexpress.mu/article/412714/presence-dans-nos-eaux-une-proliferation-meduses-invite-prudence,high,Latest police alert Tue 23 Aug 2022 at Belle-Mare after weeks of sightings described as a proliferation; oceanographer V. Kauppaymuthoo cites temperature rise and plankton bloom.
2022-09-26-la_preneuse-1,2022-09-26,day,la_preneuse,,,unknown,,unknown,,coastguard,https://defimedia.info/la-preneuse-alerte-aux-meduses,high,NCG reported jellyfish at La Preneuse on Monday; published 26 Sep 2022. Also zinfos-moris a31831.
2022-10-23-belle_mare-1,2022-10-23,day,belle_mare,,,unknown,,unknown,,coastguard,https://www.topfm.mu/2022/10/23/a-belle-mare-attention-aux-meduses-3/,high,NCG reported jellyfish in Belle-Mare lagoon Sun 23 Oct 2022.
2022-11-06-mont_choisy-1,2022-11-06,day,mont_choisy,,,unknown,,unknown,,coastguard,https://defimedia.info/presence-de-meduses-dans-les-lagons-de-mont-choisy-et-trou-aux-biches,high,Jellyfish reported in Mont Choisy and Trou-aux-Biches lagoons Sun 6 Nov 2022.
2022-11-06-trou_aux_biches-1,2022-11-06,day,trou_aux_biches,,,unknown,,unknown,,coastguard,https://defimedia.info/presence-de-meduses-dans-les-lagons-de-mont-choisy-et-trou-aux-biches,high,Jellyfish reported in Mont Choisy and Trou-aux-Biches lagoons Sun 6 Nov 2022.
2024-05-10-la_cambuse-1,2024-05-10,day,la_cambuse,,,unknown,,unknown,,coastguard,https://www.lemauricien.com/actualites/societe/la-cambuse-presence-de-meduse-signalee/634175/,medium,Police communications statement: jellyfish along La Cambuse public beach Fri 10 May; year 2024 inferred from weekday and article id sequence.
2024-12-25-trou_aux_biches-1,2024-12-25,day,trou_aux_biches,,,unknown,,many,,hospital,https://www.lemauricien.com/actualites/faits-divers/trou-aux-biches-et-mon-choisy-presence-de-meduse-signalee/661048/,medium,"Several swimmers in the north stung on 25 Dec 2024 despite a warning issued that day; treated at SSRN hospital, Pamplemousses. Beach attribution from the 26 Dec NCG alert."
2024-12-26-trou_aux_biches-2,2024-12-26,day,trou_aux_biches,,,unknown,,many,,coastguard,https://www.lemauricien.com/actualites/faits-divers/trou-aux-biches-et-mon-choisy-presence-de-meduse-signalee/661048/,high,NCG signalled jellyfish along Trou-aux-Biches and Mon Choisy public beaches Thu 26 Dec 2024. Also defimedia presence-de-meduses-mon-choisy-et-trou-aux-biches-vigilance-recommandee.
2024-12-25-mont_choisy-1,2024-12-25,day,mont_choisy,,,unknown,,many,,hospital,https://www.lemauricien.com/actualites/faits-divers/trou-aux-biches-et-mon-choisy-presence-de-meduse-signalee/661048/,medium,"Several swimmers in the north stung on 25 Dec 2024 despite a warning issued that day; treated at SSRN hospital, Pamplemousses. Beach attribution from the 26 Dec NCG alert."
2024-12-26-mont_choisy-2,2024-12-26,day,mont_choisy,,,unknown,,many,,coastguard,https://www.lemauricien.com/actualites/faits-divers/trou-aux-biches-et-mon-choisy-presence-de-meduse-signalee/661048/,high,NCG signalled jellyfish along Trou-aux-Biches and Mon Choisy public beaches Thu 26 Dec 2024. Also defimedia presence-de-meduses-mon-choisy-et-trou-aux-biches-vigilance-recommandee.
2025-01-03-mont_choisy-1,2025-01-03,day,mont_choisy,,,unknown,,unknown,,coastguard,https://newsmoris.com/2025/01/03/caution-jellyfish-detected-in-mon-choisy-lagoon/,high,Police communication unit statement Fri 3 Jan 2025: NCG reported jellyfish in Mont Choisy lagoon.
2025-01-04-mont_choisy-1,2025-01-04,day,mont_choisy,,,unknown,,many,,coastguard,https://inside.news/2025/01/04/meduses-signalees-a-mon-choisy-et-trou-aux-biches-la-ncg-appelle-a-la-prudence/,high,"NCG alert on a proliferation of jellyfish in Mon-Choisy and Trou-aux-Biches lagoons, 4 Jan 2025."
2025-01-04-trou_aux_biches-1,2025-01-04,day,trou_aux_biches,,,unknown,,many,,coastguard,https://inside.news/2025/01/04/meduses-signalees-a-mon-choisy-et-trou-aux-biches-la-ncg-appelle-a-la-prudence/,high,"NCG alert on a proliferation of jellyfish in Mon-Choisy and Trou-aux-Biches lagoons, 4 Jan 2025."
2025-01-05-belle_mare-1,2025-01-05,week,belle_mare,,,unknown,,unknown,,press,https://lexpress.mu/s/appel-a-la-vigilance-541353,medium,"'In recent days' before 7 Jan 2025, jellyfish seen at Mont-Choisy, Trou-aux-Biches, Belle-Mare and Blue-Bay; day not given."
2025-01-05-blue_bay-1,2025-01-05,week,blue_bay,,,unknown,,unknown,,press,https://lexpress.mu/s/appel-a-la-vigilance-541353,medium,"'In recent days' before 7 Jan 2025, jellyfish seen at Mont-Choisy, Trou-aux-Biches, Belle-Mare and Blue-Bay; day not given."
2025-01-07-flic_en_flac-1,2025-01-07,day,flic_en_flac,,,unknown,,unknown,,coastguard,https://defimedia.info/des-meduses-dans-le-lagon-de-flic-en-flac,high,"NCG observed jellyfish in Flic-en-Flac lagoon Tue 7 Jan 2025. Also lexpress 541353, linfo.re, Tripadvisor thread k15049831 (posted 7 Jan 2025)."
2025-01-14-belle_mare-1,2025-01-14,day,belle_mare,,,unknown,,unknown,,coastguard,https://defimedia.info/belle-mare-alerte-aux-meduses-3,medium,NCG reported jellyfish in Belle-Mare lagoon Tue 14 Jan; year 2025 per search summary and weekday.
2025-01-16-mont_choisy-1,2025-01-16,week,mont_choisy,,,unknown,,unknown,,press,https://5plus.mu/quand-les-meduses-piquent-et-les-murs-choquent-20250116-1251,low,5-Plus feature (16 Jan 2025) on stings at Mont-Choisy; sting dates not in snippet.
2025-03-20-albion-1,2025-03-20,day,albion,,,unknown,,unknown,,coastguard,https://defimedia.info/albion-alerte-aux-meduses,low,"Police Press Office statement Thu 20 Mar: NCG reported jellyfish in Albion lagoon; year 2025 or 2014 by weekday, 2025 assumed; verify on page."
2025-04-12-mont_choisy-1,2025-04-12,day,mont_choisy,,,unknown,,unknown,,coastguard,https://www.lemauricien.com/actualites/societe/mon-choisy-presence-de-meduses-signalee/704385/,medium,NCG reported jellyfish in Mon Choisy lagoon Sat 12 Apr; year 2025 inferred from weekday and article id sequence. Also topfm 'Alerte aux méduses à Mon Choisy'.
2025-07-21-grand_baie-1,2025-07-21,day,grand_baie,,,unknown,,unknown,,coastguard,https://lexpress.mu/s/la-prudence-est-de-mise-547577,medium,NCG reported jellyfish in Grand-Baie lagoon Mon 21 Jul; year 2025 inferred from weekday and article id sequence.
2025-09-11-blue_bay-1,2025-09-11,day,blue_bay,,,unknown,,unknown,,coastguard,https://ionnews.mu/attention-aux-meduses-a-blue-bay-2/,low,"NCG informed the public of jellyfish in Blue-Bay lagoon Thu 11 Sep; year 2025 or 2014 by weekday, 2025 assumed; verify on page."
2025-09-19-mont_choisy-1,2025-09-19,day,mont_choisy,,,unknown,,unknown,,coastguard,https://defimedia.info/meduses-signalees-mont-choisy-et-trou-aux-biches-prudence-en-mer,medium,NCG reported jellyfish in Mont Choisy and Trou-aux-Biches lagoons on the morning of Fri 19 Sep 2025.
2025-09-19-trou_aux_biches-1,2025-09-19,day,trou_aux_biches,,,unknown,,unknown,,coastguard,https://defimedia.info/meduses-signalees-mont-choisy-et-trou-aux-biches-prudence-en-mer,medium,NCG reported jellyfish in Mont Choisy and Trou-aux-Biches lagoons on the morning of Fri 19 Sep 2025.
2026-01-01-la_cambuse-1,2026-01-01,day,la_cambuse,,,unknown,,unknown,,coastguard,https://ionnews.mu/alerte-aux-meduses-dans-le-lagon-de-la-cambuse-et-ses-environs/,high,NCG warned of jellyfish in La Cambuse lagoon and surroundings Thu 1 Jan 2026.
2026-01-02-la_cambuse-2,2026-01-02,day,la_cambuse,,,unknown,,unknown,,coastguard,https://fr.allafrica.com/stories/202601020264.html,high,NCG again detected jellyfish at La Cambuse on 2 Jan 2026 (lexpress via allAfrica).
undated-aug29-trou_aux_biches,,unknown,trou_aux_biches,,,unknown,,unknown,,coastguard,https://defimedia.info/attention-aux-meduses-alerte-dans-les-lagons-de-trou-aux-biches-pointe-aux-piments-et-mont-choisy,low,Central Barracks statement Thu 29 Aug; year is 2019 or 2024 (both Thursdays); resolve from the article page.
undated-aug29-pointe_aux_piments,,unknown,pointe_aux_piments,,,unknown,,unknown,,coastguard,https://defimedia.info/attention-aux-meduses-alerte-dans-les-lagons-de-trou-aux-biches-pointe-aux-piments-et-mont-choisy,low,Central Barracks statement Thu 29 Aug; year is 2019 or 2024 (both Thursdays); resolve from the article page.
undated-aug29-mont_choisy,,unknown,mont_choisy,,,unknown,,unknown,,coastguard,https://defimedia.info/attention-aux-meduses-alerte-dans-les-lagons-de-trou-aux-biches-pointe-aux-piments-et-mont-choisy,low,Central Barracks statement Thu 29 Aug; year is 2019 or 2024 (both Thursdays); resolve from the article page.
undated-sep06-blue_bay,,unknown,blue_bay,,,unknown,,unknown,,coastguard,https://defimedia.info/blue-bay-attention-aux-meduses,low,"Blue Bay Marine Park lagoon, Tue morning 6 Sep; year 2016 or 2022 (both Tuesdays); resolve from the article page."
undated-sep02-blue_bay,,unknown,blue_bay,,,unknown,,few,,social,https://defimedia.info/des-meduses-apercues-sur-la-plage-de-blue-bay,low,Reader report of jellyfish on the sand over the weekend of 2-3 Sep (2017 or 2023); NCG said no alert had been issued.
undated-la_prairie,,unknown,la_prairie,,,unknown,,unknown,,coastguard,https://defimedia.info/alerte-aux-meduses-la-prairie,low,Police caution for La Prairie lagoon after NCG sighting; date not in snippet.
undated-bras_deau,,unknown,bras_deau,,,unknown,,unknown,,coastguard,https://defimedia.info/bras-deau-la-police-alerte-sur-la-presence-de-meduses,low,Police alert for Bras d'Eau public beach near Poste Lafayette on a Wednesday; date not in snippet.
undated-belle_mare-thu,,unknown,belle_mare,,,unknown,,unknown,,coastguard,https://defimedia.info/alerte-aux-meduses-1,low,Police Press Office statement on a Thursday about Belle Mare lagoon; date not in snippet.
undated-north-physalia,,unknown,pereybere,,,physalia,,unknown,,press,https://www.lemauricien.com/le-mauricien/mise-en-garde-des-meduses-nord/80748/,low,"Older Le Mauricien warning: bad weather made the northern lagoon favourable to jellyfish at Pereybere, Trou-aux-Biches, Mon-Choisy; explicitly mentions Portuguese man o' war pushed by wind from the north. Date not in snippet (article id suggests 2013-2014)."
